seller_id,order_count,delivered_orders,late_orders,late_share,seller_city,seller_state
001cca7ae9ae17fb1caed9dfb1094831,200,195,12,0.06153846153846154,cariacica,ES
002100f778ceb8431b7a1020ff7ab48f,51,50,9,0.18,franca,SP
004c9cd9d87a3c30c522c48c4fc07416,158,156,10,0.0641025641025641,ibitinga,SP
00ee68308b45bc5e2660cd833c3f81cc,135,135,10,0.07407407407407407,sao paulo,SP
00fc707aaaad2d31347cf883cd2dfe10,103,103,4,0.038834951456310676,maringa,PR
01cf7e3d21494c41fb86034f2e714fa1,61,59,3,0.05084745762711865,francisco beltrao,PR
01fdefa7697d26ad920e9e0346d4bd1b,129,128,7,0.0546875,londrina,PR
0241d4d5d36f10f80c644447315af0bd,238,238,11,0.046218487394957986,curitiba,PR
04308b1ee57b6625f47df1d56f00eedf,94,92,7,0.07608695652173914,bombinhas,SC
0432ead42b6c8a0bdf68154add917fdf,85,82,2,0.024390243902439025,maua,SP
048c2757535328e0d7dac690ad3c0aae,51,50,6,0.12,franca,SP
0509040ea3fe50071181bbc359eb7738,89,87,4,0.04597701149425287,belo horizonte,MG
056b4ada5bbc2c50cc7842547dda6b51,65,64,7,0.109375,queimados,RJ
058fd0aa2bfdb2274e05e1ae971dabb6,61,60,4,0.06666666666666667,santo andre,SP
05d2173d43ea568aa0540eba70d2ca76,62,62,3,0.04838709677419355,alfenas,MG
05f51e13da97139648b8125c31e5f51b,60,57,9,0.15789473684210525,belo horizonte,MG
05ff92fedb5be47920fea08e501238b9,59,57,2,0.03508771929824561,santo angelo,RS
062ce95fa2ad4dfaedfc79260130565f,55,54,2,0.037037037037037035,lajeado,RS
06579cb253ecd5a3a12a9e6eb6bf8f47,62,61,4,0.06557377049180328,sao paulo - sp,SP
066a6914e1ebf3ea95a216c73a986b91,68,66,2,0.030303030303030304,foz do iguacu,PR
06a2c3af7b3aee5d69171b0e14f0ee87,392,389,74,0.19023136246786632,sao luis,MA
06e5eefc71ec47ae763c5c6f8db7064f,92,90,0,0.0,porto alegre,RS
080102cd0a76b09e0dcf55fcacc60e05,124,122,5,0.040983606557377046,belo horizonte,MG
080199a181c46c657dc5aa235411be3b,79,79,1,0.012658227848101266,osasco,SP
08633c14ef2db992c11f840f04fad4cd,74,74,4,0.05405405405405406,ribeirao pires,SP
09f952a5f58d2285b0372551ae8f9b01,50,50,3,0.06,sao bernardo do campo,SP
0adac9fbd9a2b63cccaac4f8756c1ca8,110,106,6,0.05660377358490566,louveira,SP
0b35c634521043bf4b47e21547b99ab5,51,50,8,0.16,teixeira soares,PR
0b90b6df587eb83608a64ea8b390cf07,164,163,6,0.03680981595092025,maringa,PR
0bae85eb84b9fb3bd773911e89288d54,137,136,1,0.007352941176470588,itajai,SP
0be8ff43f22e456b4e0371b2245e4d01,161,156,10,0.0641025641025641,sao paulo,SP
0c7533c71df861ec58ad7ff999ed0e8d,61,61,3,0.04918032786885246,valinhos,SP
0c8380b62e38e8a1e6adbeba7eb9688c,182,180,9,0.05,tres coracoes,MG
0d85bbda9889ce1f7e63778d24f346eb,51,51,6,0.11764705882352941,uberlandia,MG
0db783cfcd3b73998abc6e10e59a102f,132,132,5,0.03787878787878788,santos,SP
0dd184061fb0eaa7ca37932c68ab91c5,161,161,17,0.10559006211180125,guarulhos,SP
0df3984f9dfb3d49ac6366acbd3bbb85,87,86,1,0.011627906976744186,betim,MG
0ea22c1cfbdc755f86b9b54b39c16043,237,234,2,0.008547008547008548,sete lagoas,MG
1025f0e2d44d7041d6cf58b6550e0bfa,915,910,72,0.07912087912087912,sao paulo,SP
1127b7f2594683f2510f1c2c834a486b,114,110,2,0.01818181818181818,campinas,SP
116ccb1a1604bc88e4d234a8c23f33de,61,61,2,0.03278688524590164,sao bernardo do campo,SP
11bfa66332777660bd0640ee84d47006,76,76,11,0.14473684210526316,ribeirao preto,SP
128639473a139ac0f3e5f5ade55873a5,533,527,22,0.04174573055028463,maringa,PR
12b9676b00f60f3b700e83af21824c0e,135,133,1,0.007518796992481203,montenegro,RS
1336efc61c316ddf92c899eb817f7cae,74,74,6,0.08108108108108109,assis,SP
1554a68530182680ad5c8b042c3ab563,247,246,15,0.06097560975609756,monte siao,MG
16090f2ca825584b5a147ab24aa30c86,402,398,32,0.08040201005025126,atibaia,SP
165fc07beebdcb6190fba8a06db2a449,50,50,4,0.08,maringa,PR
17a053fcb14bd219540cbde0df490be0,125,124,7,0.056451612903225805,mogi guacu,SP
17ca9b9e9b9ef8fdb529001b49ebb50f,116,115,1,0.008695652173913044,betim,MG
17e34d8224d27a541263c4c64b11a56b,255,247,19,0.07692307692307693,riberao preto,SP
17f51e7198701186712e53a39c564617,56,56,5,0.08928571428571429,sao paulo,SP
1835b56ce799e6a4dc4eddc053f04066,423,417,43,0.10311750599520383,ibitinga,SP
1838dd9b8977065acf51d95e0053ea7a,64,62,2,0.03225806451612903,belo horizonte,MG
18a349e75d307f4b4cc646a691ed4216,121,109,6,0.05504587155963303,sao paulo,SP
1900267e848ceeba8fa32d80c1a5f5a8,411,406,33,0.0812807881773399,ibitinga,SP
1a3df491d1c4f1589fc2b934ada68bf2,167,160,6,0.0375,joinville,SC
1b4c3a6f53068f0b6944d2d005c9fc89,113,111,5,0.04504504504504504,sao ludgero,SC
1b8356dabde1d35e17cef975c3f82730,56,55,1,0.01818181818181818,sao paulo,SP
1bb2bdb95f4841f1bba2c0d2cd83d3c9,81,79,5,0.06329113924050633,sao paulo,SP
1c129092bf23f28a5930387c980c0dfc,201,200,9,0.045,sao paulo,SP
1c68394e931a64f90ea236c5ea590300,142,142,5,0.035211267605633804,sarandi,PR
1ca7077d890b907f89be8c954a02686a,115,108,18,0.16666666666666666,santana de parnaiba,SP
1d8dbc4f32378d715c717c1c1fc57bae,92,91,8,0.08791208791208792,arapongas,PR
1da3aeb70d7989d1e6d9b0e887f97c23,265,261,12,0.04597701149425287,sao paulo,SP
1e8b33f18b4f7598d87f5cbee2282cc2,123,122,4,0.03278688524590164,sao paulo,SP
1eade46fba20122dc4aefb379f8c636b,58,58,7,0.1206896551724138,sao paulo,SP
1f50f920176fa81dab994f9023523100,1404,1399,124,0.08863473909935668,sao jose do rio preto,SP
1f9ab4708f3056ede07124aad39a2554,78,76,4,0.05263157894736842,tupa,SP
2138ccb85b11a4ec1e37afbd1c8eda1f,396,388,18,0.04639175257731959,sao paulo,SP
213b25e6f54661939f11710a6fddb871,155,152,10,0.06578947368421052,salto,SP
218d46b86c1881d022bce9c68a7d4b15,388,382,33,0.08638743455497382,ribeirao preto,SP
229c3efbfb0ea2058de4ccdfbc3d784a,121,118,2,0.01694915254237288,belo horizonte,MG
23613d49c3ac2bd302259e55c06c050c,70,69,6,0.08695652173913043,porto ferreira,SP
23d7c96d4a1160db1c726b248601b25a,53,50,5,0.1,capivari,SP
2528513dd95219a6013d4d05176e391a,161,160,6,0.0375,osasco,SP
259f7b5e6e482c230e5bfaa670b6bb8f,138,136,2,0.014705882352941176,poa,SP
25c5c91f63607446a97b143d2d535d31,158,156,11,0.07051282051282051,itauna,MG
25cf099de44674fde97473224f9d59ab,50,50,2,0.04,cotia,SP
25e6ffe976bd75618accfe16cefcbd0d,108,106,3,0.02830188679245283,sao paulo,SP
282f23a9769b2690c5dda22e316f9941,99,98,4,0.04081632653061224,belo horizonte,MG
289cdb325fb7e7f891c38608bf9e0962,110,109,2,0.01834862385321101,belo horizonte,SP
2a1348e9addc1af5aaa619b1a3679d6b,52,48,13,0.2708333333333333,belo horizonte,MG
2a261b5b644fa05f4f2700eb93544f2c,51,51,8,0.1568627450980392,porto ferreira,SP
2a7dc43cecabf23403078e2188437d1d,52,52,3,0.057692307692307696,sao paulo,SP
2a84855fd20af891be03bc5924d2b453,164,155,4,0.025806451612903226,belo horizonte,MG
2b3e4a2a3ea8e01938cabda2a3e5cc79,52,52,0,0.0,sao paulo,SP
2c9e548be18521d1c43cde1c582c6de8,126,124,19,0.1532258064516129,mogi das cruzes,SP
2dee2ce60de9709b1a24083217181a1f,54,54,1,0.018518518518518517,sinop,MT
2e1c9f22be269ef4643f826c9e650a52,167,161,10,0.062111801242236024,sao paulo,SP
2e90cb1677d35cfe24eef47d441b7c87,127,127,16,0.12598425196850394,sao paulo,SP
2eb70248d66e0e3ef83659f71b244378,202,187,21,0.11229946524064172,campinas,SP
2ff97219cb8622eaf3cd89b7d9c09824,89,87,3,0.034482758620689655,salto,SP
3078096983cf766a32a06257648502d1,59,56,2,0.03571428571428571,scao jose do rio pardo,SP
30a2f535bb48308f991d0b9ad4a8c4bb,71,71,2,0.028169014084507043,santa barbara d'oeste,SP
318f287a62ab7ac10b703ac37435a231,52,51,5,0.09803921568627451,sao paulo,SP
33a6f4b1e7cdc205511e76ba1b6e0186,105,105,2,0.01904761904761905,guarulhos,SP
34056b8b55c1775a22af2331670a799c,78,77,9,0.11688311688311688,penapolis,SP
3504c0cb71d7fa48d967e0e4c94d59d9,53,53,0,0.0,maua,SP
36a968b544695394e4e9d7572688598f,154,148,5,0.033783783783783786,santos,SP
37515688008a7a40ac93e3b2e4ab203f,228,227,18,0.07929515418502203,dracena,SP
376a891762bbdecbc02b4b6adec3fdda,57,57,2,0.03508771929824561,goiania,GO
37be5a7c751166fbc5f8ccba4119e043,272,269,7,0.026022304832713755,sao paulo,SP
391fc6631aebcf3004804e51b40bcf1e,526,521,45,0.08637236084452975,ibitinga,SP
3b15288545f8928d3e65a8f949a28291,104,101,7,0.06930693069306931,ibitinga,SP
3bdff180c7e1f6551a643b99c265a120,59,56,1,0.017857142857142856,sao paulo,SP
3be634553519fb6536a03e1358e9fdc7,83,80,6,0.075,sao paulo,SP
3c7c4a49ec3c6550809089c6a2ca9370,141,139,8,0.05755395683453238,sao paulo,SP
3d871de0142ce09b7081e2b9d1733cb1,1080,1064,58,0.05451127819548872,campo limpo paulista,SP
3db66a856d18a9cba7c9241fc5221c50,94,94,10,0.10638297872340426,ponte nova,MG
3df020b72d3d44b3af9d110fa3940b65,55,55,5,0.09090909090909091,jales,SP
41b39e28db005d9731d9d485a83b4c38,195,187,9,0.0481283422459893,santo andre,SP
42b729f859728f5079499127a9c2ef37,104,103,8,0.07766990291262135,sao paulo,SP
431af27f296bc6519d890aa5a05fdb11,117,116,16,0.13793103448275862,ribeirao preto,SP
4371b634e0efc0e22b09b52907d9d469,102,101,7,0.06930693069306931,sao paulo,SP
44073f8b7e41514de3b7815dd0237f4f,144,142,5,0.035211267605633804,brasilia,DF
440dd6ab244315c632130ecfb63827b1,94,91,12,0.13186813186813187,votuporanga,SP
45d33f715e24d15a6ccf5c17b3a23e3c,59,56,3,0.05357142857142857,sorocaba,SP
46dc3b2cc0980fb8ec44634e21d2718e,521,503,29,0.05765407554671968,rio de janeiro,RJ
48162d548f5b1b11b9d29d1e01f75a61,68,66,1,0.015151515151515152,piracicaba,SP
4830e40640734fc1c52cd21127c341d4,210,204,10,0.049019607843137254,sao paulo,SP
48436dade18ac8b2bce089ec2a041202,138,134,10,0.07462686567164178,volta redonda,SP
4869f7a5dfa277a7dca6462dcf3b52b2,1132,1124,118,0.10498220640569395,guariba,SP
4992e76a42cb3aad7a7047e0d3d7e729,57,56,3,0.05357142857142857,sao paulo,SP
4a3ca9315b744ce9f8e9374361493884,1806,1772,172,0.09706546275395034,ibitinga,SP
4a3ccda38b2129705f3fb522db62ca31,66,64,4,0.0625,marilia,SP
4b9750c8ad28220fe6702d4ecb7c898f,218,217,13,0.059907834101382486,limeira,SP
4c18691b6037662be2df78a765d98ab5,63,63,4,0.06349206349206349,sao paulo,SP
4c2b230173bb36f9b240f2b8ac11786e,261,258,24,0.09302325581395349,sao paulo,SP
4d6d651bd7684af3fffabd5f08d12e5a,369,363,14,0.03856749311294766,jau,SP
4e17c65a516f69d023a2ae78b84f28d6,61,61,3,0.04918032786885246,suzano,SP
4e7c18b98d84e05cbae3ff0ff03846c2,82,81,3,0.037037037037037035,jaboticabal,SP
4e922959ae960d389249c378d1c939f5,420,412,37,0.08980582524271845,jacarei,SP
5058e8c1e82653974541e83690655b4a,63,62,7,0.11290322580645161,itaquaquecetuba,SP
50c9975695009e5e6473912e83a6d1da,50,50,7,0.14,claudio,MG
516e7738bd8f735ac19a010ee5450d8d,76,74,2,0.02702702702702703,rio de janeiro,RJ
520b493b57809f446cb0a233bb3e25c7,63,63,1,0.015873015873015872,santos,SP
522620dcb18a6b31cd7bdf73665113a9,174,172,15,0.0872093023255814,cascavel,PR
527801b552d0077ffd170872eb49683b,90,90,9,0.1,garca,SP
530ec6109d11eaaf87999465c6afee01,97,94,1,0.010638297872340425,cascavel,PR
53243585a1d6dc2643021fd1853d8905,358,348,12,0.034482758620689655,lauro de freitas,BA
5343d0649eca2a983820bfe93fc4d17e,71,70,7,0.1,santo andre,SP
537eb890efff034a88679788b647c564,160,158,6,0.0379746835443038,rio de janeiro,RJ
53e4c6e0f4312d4d2107a8c9cddf45cd,473,463,22,0.047516198704103674,pedreira,SP
54965bbe3e4f07ae045b90b0b8541f52,78,73,22,0.3013698630136986,foz do iguacu,PR
54a1852d1b8f10312c55e906355666ee,200,198,15,0.07575757575757576,santa barbara d'oeste,SP
562fc2f2c2863ab7e79a9e4388a58a14,260,255,8,0.03137254901960784,campinas,SP
5656537e588803a555b8eb41f07a944b,174,171,10,0.05847953216374269,brasilia,DF
57e632711dec9ec14ca7546769483e7e,62,62,0,0.0,navegantes,SC
582d4f8675b945722eda7c0cb61ba4c7,59,59,1,0.01694915254237288,bertioga,SP
59b22a78efb79a4797979612b885db36,125,125,14,0.112,uberlandia,MG
59fb871bf6f4522a87ba567b42dafecf,126,123,7,0.056910569105691054,sao paulo,SP
5a8e7d5003a1f221f9e1d6e411de7c23,139,137,5,0.0364963503649635,campinas,SP
5b925e1d006e9476d738aa200751b73b,63,63,4,0.06349206349206349,sao paulo,SP
5c243662ce92d84573bfaff24c3e3700,98,98,1,0.01020408163265306,sao paulo,SP
5cf13accae3222c70a9cac40818ae839,149,148,3,0.02027027027027027,patos de minas,MG
5d0363b33554b373851fc1622e4d5f3c,94,93,8,0.08602150537634409,atibaia,SP
5dceca129747e92ff8ef7a997dc4f8ca,325,322,18,0.055900621118012424,santa barbara d´oeste,SP
5f1dc28029d2c244352a68107ec2b542,62,62,1,0.016129032258064516,sao paulo,SP
5f2684dab12e59f83bef73ae57724e45,68,67,4,0.05970149253731343,sao paulo,SP
602044f2c16190c2c6e45eb35c2e21cb,50,48,8,0.16666666666666666,ibitinga,SP
6039e27294dc75811c0d8a39069f52c0,64,63,11,0.1746031746031746,osasco,SP
609e1a9a6c2539919b8205cf7c4e6ff0,87,87,1,0.011494252873563218,brusque,SC
612170e34b97004b3ba37eae81836b4c,107,107,1,0.009345794392523364,novo hamburgo,RS
620c87c171fb2a6dd6e8bb4dec959fc6,740,722,63,0.08725761772853186,petropolis,RJ
624f4ece8da4aafb77699233d480f8ef,53,52,4,0.07692307692307693,sao paulo,SP
634964b17796e64304cadf1ad3050fb7,268,265,25,0.09433962264150944,rio de janeiro,RJ
640e21a7d01df7614a3b4923e990d40c,116,115,5,0.043478260869565216,ibitinga,SP
643214e62b870443ccbe55ab29a4dccf,66,65,7,0.1076923076923077,sao paulo,SP
6560211a19b47992c3666cc44a7e94c0,1854,1819,96,0.052776250687190766,sao paulo,SP
66922902710d126a0e7d26b0e3805106,151,150,11,0.07333333333333333,belo horizonte,MG
669ae81880e08f269a64487cfb287169,162,161,7,0.043478260869565216,rio do sul,SC
670c26e0f1bf8d0576271d5cfaec6d2b,78,77,4,0.05194805194805195,maringa,PR
6860153b69cc696d5dcfe1cdaaafcf62,74,74,6,0.08108108108108109,capivari,SP
688756f717c462a206ad854c5027a64a,83,81,3,0.037037037037037035,guarulhos,SP
6973a06f484aacf400ece213dbf3d946,95,89,13,0.14606741573033707,sao jose dos campos,SP
6a8b085f816a1f75f92dbac6eb545f8f,127,125,10,0.08,bebedouro,SP
6b243f80ed07b10f0e8aa0f21a205f3c,79,79,3,0.0379746835443038,curitiba,PR
6c177e38df6d3f34182b1f1d427231bf,55,53,1,0.018867924528301886,curitiba,PR
6c7d50c24b3ccd2fd83b44d8bb34e073,114,112,2,0.017857142857142856,presidente prudente,SP
6cd68b3ed6d59aaa9fece558ad360c0a,149,149,2,0.013422818791946308,belo horizonte,MG
6d66611d7c44cc30ce351abc49a68421,166,164,9,0.054878048780487805,sao paulo,SP
6d803cb79cc31c41c4c789a75933b3c7,58,58,4,0.06896551724137931,sao joaquim da barra,SP
6edacfd9f9074789dad6d62ba7950b9c,208,205,9,0.04390243902439024,guarulhos,SP
6fd52c528dcb38be2eea044946b811f8,67,67,9,0.13432835820895522,sao paulo,SP
7008613ea464bad5cb9b83456e1e6a8f,127,123,6,0.04878048780487805,canoinhas,SC
701938c450705b8ae65fc923b70f35c7,75,74,3,0.04054054054054054,s jose do rio preto,SP
7040e82f899a04d1b434b795a43b4617,212,208,16,0.07692307692307693,sao paulo,SP
709e16e2b25c7474d980076c6bfc4806,60,60,2,0.03333333333333333,birigui,SP
70a12e78e608ac31179aea7f8422044b,315,312,29,0.09294871794871795,jacarei,SP
70c27847eca8195c983ed7e798c56743,77,77,5,0.06493506493506493,rio de janeiro,RJ
70eea00b476a314817cefde4aad4f89a,108,106,7,0.0660377358490566,itatiba,SP
710e3548e02bc1d2831dfc4f1b5b14d4,136,131,5,0.03816793893129771,rolandia,PR
712e6ed8aa4aa1fa65dab41fed5737e4,79,77,16,0.2077922077922078,videira,SC
7142540dd4c91e2237acb7e911c4eba2,319,316,23,0.07278481012658228,penapolis,SP
715bbd5ba4e6b74cb0d2f29eb45058b0,62,62,5,0.08064516129032258,serra negra,SP
7178f9f4dd81dcef02f62acdf8151e01,203,202,7,0.034653465346534656,videira,SC
7202e2ba20579a9bd1acb29e61fe71f6,53,51,2,0.0392156862745098,franca,SP
725c32fa80c2faacc4fc88450d27314e,89,89,1,0.011235955056179775,sao paulo,SP
7299e27ed73d2ad986de7f7c77d919fa,338,335,14,0.041791044776119404,araguari,MG
729f06993dac8e860d4f02d7088ca48a,96,94,9,0.09574468085106383,limeira,SP
744dac408745240a2c2528fb1b6028f3,79,78,1,0.01282051282051282,colombo,PR
750303a20e9c56b2a6bc45cdce0b897d,54,53,2,0.03773584905660377,goiania,GO
751bdc4d83a466c7206cd42e8f426b03,54,51,1,0.0196078431372549,ribeirao pires,SP
75d34ebb1bd0bd7dde40dd507b8169c3,62,57,7,0.12280701754385964,salvador,BA
7681ef142fd2c19048da7430856b5588,59,58,5,0.08620689655172414,guarulhos,SP
76d5af76d0271110f9af36c92573f765,131,128,12,0.09375,sao paulo,SP
76d64c4aca3a7baf218bf93ef7fa768d,64,64,2,0.03125,curitiba,PR
7722b1df1b0e383e000397b2c11e3e19,134,133,4,0.03007518796992481,sao bernardo do campo,SP
77530e9772f57a62c906e1c21538ab82,320,312,29,0.09294871794871795,curitiba,PR
79ebd9a61bac3eaf882805ed4ecfa12a,136,133,6,0.045112781954887216,cascavel,PR
7a241947449cc45dbfda4f9d0798d9d0,62,56,4,0.07142857142857142,jacutinga,MG
7a67c85e85bb2ce8582c35f2203ad736,1160,1145,60,0.05240174672489083,sao paulo,SP
7aa4334be125fcdd2ba64b3180029f14,217,214,25,0.11682242990654206,laranjal paulista,SP
7ad32824caee82087b3e2e5f33b1bf32,151,147,19,0.1292517006802721,ibitinga,SP
7b07b3c7487f0ea825fc6df75abd658b,93,91,4,0.04395604395604396,sao paulo,SP
7c67e1448b00f6e969d365cea6b010ab,982,973,89,0.09146968139773895,itaquaquecetuba,SP
7d13fca15225358621be4086e1eb0964,565,558,64,0.11469534050179211,ribeirao preto,SP
7d456afc660226829370f3173d14520c,56,55,2,0.03636363636363636,mogi das cruzes,SP
7d76b645482be4a332374e8223836592,176,172,16,0.09302325581395349,sao paulo,SP
7ddcbb64b5bc1ef36ca8c151f6ec77df,334,325,27,0.08307692307692308,sao paulo,SP
7e1fb0a3ebfb01ffb3a7dae98bf3238d,159,155,18,0.11612903225806452,franca,SP
7e3f87d16fb353f408d467e74fbd8014,92,91,6,0.06593406593406594,sao paulo,SP
7e93a43ef30c4f03f38b393420bc753a,336,319,15,0.047021943573667714,barueri,SP
7ea5bfa6c340f58f8e71fc1f0412b0d6,98,96,6,0.0625,belo horizonte,MG
80e6699fe29150b372a0c8a1ebf7dcc8,98,96,3,0.03125,pinhais,PR
813348c996469b40f2e028d5429d3495,179,172,8,0.046511627906976744,jundiai,SP
8160255418d5aaa7dbdc9f4c64ebda44,385,380,52,0.1368421052631579,ibitinga,SP
81a1104df0f08b59c68aa5b03cfe398e,73,72,3,0.041666666666666664,sao jose dos pinhais,PR
822166ed1e47908f7cfb49946d03c726,69,69,1,0.014492753623188406,tres rios,RJ
827f8f69dfa529c561901c4f2e0f332f,91,91,6,0.06593406593406594,curitiba,PR
834f3294fba9f932f56edc879193f925,66,66,4,0.06060606060606061,araraquara,SP
8444e55c1f13cd5c179851e5ca5ebd00,99,92,6,0.06521739130434782,congonhal,MG
850f4f8af5ea87287ac68de36e29107f,187,186,9,0.04838709677419355,sao paulo,SP
855668e0971d4dfd7bef1b6a4133b41b,312,300,38,0.12666666666666668,itatiba,SP
8581055ce74af1daba164fdbd55a40de,387,380,31,0.08157894736842106,guarulhos,SP
85d9eb9ddc5d00ca9336a2219c97bb13,509,499,11,0.022044088176352707,belo horizonte,MG
8648b1e89e9b349e32d3741b30ec737e,95,93,9,0.0967741935483871,jacarei,SP
86ccac0b835037332a596a33b6949ee1,180,178,4,0.02247191011235955,blumenau,SC
87142160b41353c4e5fca2360caf6f92,305,305,12,0.03934426229508197,porto alegre,RS
88460e8ebdecbfecb5f9601833981930,248,246,42,0.17073170731707318,maringa,PR
891071be6ba827b591264c90c2ae8a63,92,85,12,0.1411764705882353,sao paulo,SP
897060da8b9a21f655304d50fd935913,317,304,32,0.10526315789473684,ribeirao preto,SP
8a130737016f838139d31878787a39c9,56,56,4,0.07142857142857142,sao paulo,SP
8a32e327fe2c1b3511609d81aaf9f042,132,126,4,0.031746031746031744,sao paulo,SP
8a432f4e5b471f8da497d7dc517666e2,95,95,2,0.021052631578947368,presidente prudente,SP
8ae520247981aa06bc94abddf5f46d34,65,65,0,0.0,navegantes,SC
8b28d096634035667e8263d57ba3368c,143,139,15,0.1079136690647482,sao jose dos campos,SP
8b321bb669392f5163d04c59e235e066,943,930,81,0.08709677419354839,sao paulo,SP
8bb48dc19fccaa8613b6229bf7f452a2,82,82,2,0.024390243902439025,assis,SP
8c16d1f32a54d92897cc437244442e1b,108,108,1,0.009259259259259259,blumenau,SC
8cbac7e12637ed9cffa18c7875207478,67,66,4,0.06060606060606061,jaragua do sul,SC
8d956fec2e4337affcb520f56fd8cbfd,211,210,13,0.06190476190476191,sao bernardo do campo,SP
8e6cc767478edae941d9bd9eb778d77a,106,100,6,0.06,araguari,MG
8e6d7754bc7e0f22c96d255ebda59eba,85,84,11,0.13095238095238096,sao jose dos campos,SP
8e8a7ce9f2f970dc00e2acf6f6e199f6,65,63,4,0.06349206349206349,sao goncalo,RJ
8f119a0aee85c0c8fc534629734e94fd,77,75,3,0.04,barueri,SP
8f2ce03f928b567e3d56181ae20ae952,153,151,19,0.12582781456953643,pirituba,SP
900ba814c251a692506d7834c1218441,88,86,12,0.13953488372093023,salto,SP
91f848e9f4be368f4318775aac733370,63,60,1,0.016666666666666666,sao paulo,SP
92eb0f42c21942b6552362b9b114707d,341,334,16,0.04790419161676647,sao paulo,SP
94144541854e298c2d976cb893b81343,68,68,3,0.04411764705882353,viamao,RS
951e8cef368f09bb3f3d03c00ca4702c,64,62,4,0.06451612903225806,ibitinga,SP
955fee9216a65b617aa5c0531780ce60,1287,1261,77,0.06106264869151467,sao paulo,SP
95e03ca3d4146e4011985981aeb959b9,175,172,6,0.03488372093023256,rio de janeiro,RJ
95f83f51203c626648c875dd41874c7f,52,50,2,0.04,borda da mata,MG
9616352088dcf83a7c06637f4ebf1c80,92,91,0,0.0,umuarama,PR
9646c3513289980f17226a2fc4720dbd,71,69,2,0.028985507246376812,sao jose dos campos,SP
96493fab2fbb13a14d0c0e8772eef5c3,63,63,4,0.06349206349206349,sao paulo,SP
966cb4760537b1404caedd472cc610a5,75,67,2,0.029850746268656716,diadema,SP
9674754b5a0cb32b638cec001178f799,86,84,2,0.023809523809523808,sao paulo,SP
972d0f9cf61b499a4812cf0bfa3ad3c4,83,81,9,0.1111111111111111,brusque,SC
98dac6635aee4995d501a3972e047414,91,89,4,0.0449438202247191,sao paulo,SP
99eaacc9e6046db1c82b163c5f84869f,66,63,7,0.1111111111111111,franca,SP
9b013e03b2ab786505a1d3b5c0756754,174,170,7,0.041176470588235294,vicente de carvalho,SP
9c0e69c7bf2619675bbadf47b43f655a,157,151,13,0.08609271523178808,sao jose dos campos,SP
9d4db00d65d7760644ac0c14edb5fd86,98,97,4,0.041237113402061855,sorocaba,SP
9d5a9018aee56acb367ba9c3f05d1d6a,67,66,1,0.015151515151515152,aparecida de goiania,GO
9de4643a8dbde634fe55621059d92273,72,72,2,0.027777777777777776,joinville,SC
9e6229250fedbe05838fef417b74e7fb,74,73,2,0.0273972602739726,mirandopolis,SP
9f505651f4a6abe901a56cdc21508025,397,393,16,0.04071246819338423,sao paulo,SP
a1043bafd471dff536d0c462352beb48,718,702,35,0.04985754985754986,ilicinea,MG
a17f621c590ea0fab3d5d883e1630ec6,65,63,4,0.06349206349206349,sorocaba,SP
a3a38f4affed601eb87a97788c949667,254,251,11,0.043824701195219126,joinville,SC
a3e9a2c700480d9bb01fba070ba80a0e,130,129,12,0.09302325581395349,ibitinga,SP
a416b6a846a11724393025641d4edd5e,162,157,17,0.10828025477707007,sao paulo,SP
a420f60ff1aa9acc80d0e42959f2b313,67,67,5,0.07462686567164178,sao paulo,SP
a49928bcdf77c55c6d6e05e09a9b4ca5,98,96,21,0.21875,sao paulo,SP
a5cba26a62b8b4d0145b68b841e62e7f,54,53,1,0.018867924528301886,campo mourao,PR
a673821011d0cec28146ea42f5ab767f,129,125,13,0.104,sao paulo,SP
a6fe7de3d16f6149ffe280349a8535a0,51,50,6,0.12,franca,SP
a7f13822ceb966b076af67121f87b063,75,73,3,0.0410958904109589,itaquaquecetuba,SP
a888faf2d1baececa6baf9c3d603ee1f,54,53,5,0.09433962264150944,umuarama,PR
aac29b1b99776be73c3049939652091d,98,94,9,0.09574468085106383,uberlandia,MG
aaed1309374718fdd995ee4c58c9dfcd,105,104,3,0.028846153846153848,timbo,SC
aafe36600ce604f205b86b5084d3d767,129,129,5,0.03875968992248062,sao jose,SC
aba1721a889e04decc910aa13b768ef4,83,83,6,0.07228915662650602,sao paulo,SP
abe42c5d03695b4257b5c6cbf4e6784e,50,49,8,0.16326530612244897,rio de janeiro,RJ
ac3508719a1d8f5b7614b798f70af136,103,101,2,0.019801980198019802,canoas,RS
aced59e9b31ef866a94f9e7f29d8d418,61,61,2,0.03278688524590164,sao paulo,SP
adbc26658d6c7b4b6219f9d934598091,88,88,12,0.13636363636363635,curitiba,PR
b14db04aa7881970e83ffa9426897925,83,78,8,0.10256410256410256,sorocaba,SP
b17b679f4f5ce2e03ce6968c62648246,55,50,8,0.16,ribeirao preto,SP
b1a81260566c1bac3114a6d124413f27,51,51,0,0.0,carazinho,RS
b1fc4f64df5a0e8b6913ab38803c57a9,107,107,13,0.12149532710280374,sao goncalo,RJ
b2479f944e1b90cf8a5de1bbfde284d6,103,101,12,0.1188118811881188,ibitinga,SP
b2ba3715d723d245138f291a6fe42594,337,324,22,0.06790123456790123,sao paulo,SP
b33e7c55446eabf8fe1a42d037ac7d6d,152,149,17,0.11409395973154363,pradopolis,SP
b372ee768ed69e46ca8cdbd267aa7a38,63,63,0,0.0,sao jose do rio preto,SP
b499c00f28f4b7069ff6550af8c1348a,152,147,19,0.1292517006802721,limeira,SP
b4ffb71f0cb1b1c3d63fad021ecf93e1,144,143,3,0.02097902097902098,sao paulo,SP
b561927807645834b59ef0d16ba55a24,85,85,12,0.1411764705882353,sao paulo,SP
b6d44737c043328708f6749c2dbe50bd,62,61,4,0.06557377049180328,santo andre,SP
b76dba6c951ab00dc4edf0a1aa88037e,159,157,5,0.03184713375796178,sao paulo,SP
b92e3c8f9738272ff7c59e111e108d7c,62,62,2,0.03225806451612903,uba,MG
ba143b05f0110f0dc71ad71b4466ce92,85,83,10,0.12048192771084337,sao paulo,SP
bbad7e518d7af88a0897397ffdca1979,69,68,11,0.16176470588235295,sao paulo,SP
bd0389da23d89b726abf911cccc54596,87,87,6,0.06896551724137931,brasilia,DF
bd23da7354813347129d751591d1a6e2,89,86,2,0.023255813953488372,sao paulo,SP
beadbee30901a7f61d031b6b686095ad,64,64,15,0.234375,guarulhos,SP
bfd27a966d91cfaafdb25d076585f0da,117,114,6,0.05263157894736842,serra negra,SP
c003204e1ab016dfa150abc119207b24,197,195,10,0.05128205128205128,cajamar,SP
c31eff8334d6b3047ed34bebd4d62c36,122,120,14,0.11666666666666667,salto,SP
c33847515fa6305ce6feb1e818569f13,114,114,4,0.03508771929824561,brusque,SC
c3867b4666c7d76867627c2f7fb22e21,245,228,25,0.10964912280701754,guara,SP
c3cfdc648177fdbbbb35635a37472c53,278,278,4,0.014388489208633094,curitiba,PR
c6bda72e4dbf5c5866b13cb1810c6d03,59,59,2,0.03389830508474576,sao paulo,SP
c70c1b0d8ca86052f45a432a38b73958,261,260,14,0.05384615384615385,hortolandia,SP
c826c40d7b19f62a09e2d7c5e7295ee2,354,346,26,0.07514450867052024,guarulhos,SP
c864036feaab8c1659f65ea4faebe1da,58,58,2,0.034482758620689655,campo largo,PR
c8b0e2b0a7095e5d8219575d5e7e1181,84,84,6,0.07142857142857142,itaquaquecetuba,SP
c9c7905cffc4ef9ff9f113554423e671,127,127,10,0.07874015748031496,itapecerica da serra,SP
ca3bd7cd9f149df75950150d010fe4a2,71,68,1,0.014705882352941176,sao paulo,SP
cab85505710c7cb9b720bceb52b01cee,206,201,4,0.01990049751243781,sao paulo,SP
cac4c8e7b1ca6252d8f20b2fc1a2e4af,75,74,13,0.17567567567567569,indaiatuba,SP
cb3dd9ce66268c7a3ca7241ac70ab58c,50,48,2,0.041666666666666664,sao paulo,SP
cb8bcce248bb1fb274ba762d8b971456,68,66,1,0.015151515151515152,santa rita do sapucai,MG
cbd996ad3c1b7dc71fd0e5f5df9087e2,165,160,13,0.08125,sao jose do rio preto,SP
cc419e0650a3c5ba77189a1882b7556a,1706,1651,87,0.052695336159903086,santo andre,SP
cc63f0dd2acba93ffed4fe9f8e0321fa,55,55,0,0.0,sao jose do rio preto,SP
cca3071e3e9bb7d12640c9fbe2301306,712,699,34,0.04864091559370529,ibitinga,SP
ccc4bbb5f32a6ab2b7066a4130f114e3,187,184,12,0.06521739130434782,curitiba,PR
cce6ab8d1682639fe45ab70234f1665f,63,61,2,0.03278688524590164,curitiba,SP
cd68562d3f44870c08922d380acae552,125,122,19,0.1557377049180328,ribeirao preto,SP
ce248b21cb2adc36282ede306b7660e5,65,64,5,0.078125,jaragua do sul,SC
ce27a3cc3c8cc1ea79d11e561e9bebb6,135,122,2,0.01639344262295082,sao paulo,SP
ce7d1888639e6fb06b2749cbfdac1ff7,78,78,7,0.08974358974358974,baependi,MG
ceaec5548eefc6e23e6607c5435102e7,203,198,10,0.050505050505050504,sao paulo,SP
cfb1a033743668a192316f3c6d1d2671,147,143,14,0.0979020979020979,votorantim,SP
d05ae8f7a5bd1d2a690a44cd079e4e27,78,77,5,0.06493506493506493,rio de janeiro,RJ
d12c926d74ceff0a90a21184466ce161,78,76,1,0.013157894736842105,sao paulo,SP
d13e50eaa47b4cbe9eb81465865d8cfc,67,66,6,0.09090909090909091,santo andre,SP
d1c281d3ae149232351cd8c8cc885f0d,215,214,14,0.06542056074766354,ibitinga,SP
d20b021d3efdf267a402c402a48ea64b,90,86,14,0.16279069767441862,ibitinga,SP
d2374cbcbb3ca4ab1086534108cc3ab7,524,514,27,0.05252918287937743,ibitinga,SP
d50d79cb34e38265a8649c383dcffd48,70,70,3,0.04285714285714286,sao paulo,SP
d566c37fa119d5e66c4e9052e83ee4ea,65,65,0,0.0,sao paulo,SP
d57e18d5f73c7ccb7f7339b61166898d,61,61,0,0.0,sao paulo,SP
d650b663c3b5f6fb392b6326366efa9a,60,57,3,0.05263157894736842,cotia,SP
d673a59aac7a70d8b01e6902bf090a11,79,79,6,0.0759493670886076,ibitinga,SP
d6b1ce66b035a475f00c017792ff9769,92,92,5,0.05434782608695652,salto,SP
d91fb3b7d041e83b64a00a3edfb37e4f,535,524,20,0.03816793893129771,praia grande,SP
d921b68bf747894be13a97ae52b0f386,77,77,1,0.012987012987012988,formiga,MG
d94a40fd42351c259927028d163af842,101,100,3,0.03,baependi,MG
d98eec89afa3380e14463da2aabaea72,168,168,4,0.023809523809523808,porto alegre,RS
d9a84e1403de8da0c3aa531d6d108ba6,54,53,3,0.05660377358490566,sao paulo,SP
d9bd94811c3338dceb4181f3dbc0c73e,54,54,3,0.05555555555555555,sao paulo,SP
da8622b14eb17ae2831f4ac5b9dab84a,1314,1311,87,0.06636155606407322,piracicaba,SP
db4350fd57ae30082dec7acbaacc17f9,137,136,5,0.03676470588235294,sao paulo,SP
dbb9b48c841a0e39e21f98e1a6b2ec3e,108,108,4,0.037037037037037035,sao paulo,SP
dbc22125167c298ef99da25668e1011f,406,394,10,0.025380710659898477,borda da mata,MG
dbd66278cbfe1aa1000f90a217ca4695,85,85,3,0.03529411764705882,sao paulo,SP
dc317f341ab0e22f39acbd9dbf9b4a1f,55,55,3,0.05454545454545454,cachoeirinha,RS
dc4a0fc896dc34b0d5bfec8438291c80,231,225,15,0.06666666666666667,ibitinga,SP
dd2bdf855a9172734fbc3744021ae9b9,108,105,6,0.05714285714285714,belo horizonte,MG
dd7ddc04e1b6c2c614352b383efe2d36,122,121,15,0.12396694214876033,sao paulo,SP
de23c3b98a88888289c6f5cc1209054a,164,161,12,0.07453416149068323,sao paulo,SP
de722cd6dad950a92b7d4f82673f8833,339,337,12,0.03560830860534125,recife,PE
dee656f0f566ed1aa85bd137c943f08f,93,92,4,0.043478260869565216,cruzeiro,SP
dfa0c4c6229ab200a4a1336b4d7128ff,77,77,1,0.012987012987012988,florianopolis,SC
e067ad2c1c0b48758eb1b5228bcf7a68,54,54,4,0.07407407407407407,santos,SP
e24fc9fcd865784fb25705606fe3dfe7,52,51,4,0.0784313725490196,braganca paulista,SP
e26901d5ab434ce92fd9b5c256820a4e,202,197,3,0.015228426395939087,maua,SP
e333046ce6517bd8bb510291d44f0130,68,68,3,0.04411764705882353,ipaussu,SP
e59aa562b9f8076dd550fcddf0e73491,70,69,6,0.08695652173913043,curitiba,PR
e5a3438891c0bfdb9394643f95273d8e,224,216,34,0.1574074074074074,limeira,SP
e5a38146df062edaf55c38afa99e42dc,121,120,9,0.075,sao paulo,SP
e62b2d6ac10570a035a30bafcf01d263,62,62,7,0.11290322580645161,sao paulo,SP
e882b2a25a10b9c057cc49695f222c19,57,57,0,0.0,teresopolis,RJ
e8b3a3a38279a82f0e5d006d5e5b7d2c,87,80,3,0.0375,jussara,PR
e9779976487b77c6d4ac45f75ec7afe9,657,645,39,0.06046511627906977,praia grande,SP
e9bc59e7b60fc3063eb2290deda4cced,216,209,16,0.07655502392344497,maringa,PR
e9d99831abad74458942f21e16f33f92,130,130,13,0.1,sao paulo,SP
ea566164622c6b439516ab18062c42cd,50,50,9,0.18,sao  paulo,SP
ea8482cd71df3c1969d7b9473ff13abc,1146,1132,96,0.08480565371024736,sao paulo,SP
ebd2d60905fb58271facef5596b620d3,84,82,3,0.036585365853658534,lencois paulista,SP
ececbfcff9804a2d6b40f589df8eef2b,98,97,9,0.09278350515463918,franca,SP
edb1ef5e36e0c8cd84eb3c9b003e486d,166,165,12,0.07272727272727272,teresopolis,RJ
eeb6de78f79159600292e314a77cbd18,83,82,3,0.036585365853658534,lages,SC
ef0ace09169ac090589d85746e3e036f,129,128,10,0.078125,sao goncalo,RJ
ef506c96320abeedfb894c34db06f478,324,316,25,0.07911392405063292,sao paulo,SP
f0b47fbbc6dee9aafe415a6e33051b3f,68,67,7,0.1044776119402985,maua,SP
f214d28e8d8e3ef068748498ccc2f813,54,52,4,0.07692307692307693,sao paulo,SP
f262cbc1c910c83959f849465454ddd3,192,189,14,0.07407407407407407,sao paulo,SP
f27e33c6d29b5138fa9967bcd445b6d5,93,93,8,0.08602150537634409,sao paulo,SP
f3b80352b986ab4d1057a4b724be19d0,87,86,0,0.0,brasilia,DF
f3da5b2ff499efb8d4a6d371d175d7dd,79,77,9,0.11688311688311688,sao paulo,SP
f45122a9ab94eb4f3f8953578bc0c560,187,184,13,0.07065217391304347,piracicaba,SP
f457c46070d02cadd8a68551231220dd,199,195,11,0.05641025641025641,maringa,PR
f46490624488d3ff7ce78613913a7711,83,80,9,0.1125,guarulhos,SP
f4aba7c0bca51484c30ab7bdc34bcdd1,110,108,6,0.05555555555555555,sao paulo,SP
f5a590cf36251cf1162ea35bef76fe84,117,113,8,0.07079646017699115,sao bernardo do campo,SP
f7720c4fa8e3aba4546301ab80ea1f1b,60,59,3,0.05084745762711865,curitiba,PR
f7ba60f8c3f99e7ee4042fdef03b70c4,219,218,30,0.13761467889908258,sao bernardo do campo,SP
f7ccf836d21b2fb1de37564105216cc1,70,69,5,0.07246376811594203,ibitinga,SP
f80edd2c5aaa505cc4b0a3b219abf4b8,119,116,6,0.05172413793103448,sao paulo,SP
f84a00e60c73a49e7e851c9bdca3a5bb,90,88,9,0.10227272727272728,rio de janeiro,RJ
f84fa566034f5e8e880a07ec624c56af,91,89,9,0.10112359550561797,indaiatuba,SP
f8db351d8c4c4c22c6835c19a46f01b0,667,659,28,0.042488619119878605,salto,SP
fa1a9dec3a9940c072684a46728bf1fc,55,55,0,0.0,icara,SC
fa1c13f2614d7b5c4749cbc52fecda94,585,578,53,0.09169550173010381,sumare,SP
fa40cc5b934574b62717c68f3d678b6d,307,304,16,0.05263157894736842,sao paulo,SP
fc906263ca5083d09dce42fe02247800,114,112,0,0.0,belo horizonte,MG
fcb5ace8bcc92f75707dc0f01a27d269,62,59,2,0.03389830508474576,guarulhos,SP
fd386aa7bed2af3c7035c65506c9b4a3,69,69,7,0.10144927536231885,sao paulo,SP
fe2032dab1a61af8794248c8196565c9,294,293,26,0.08873720136518772,campinas,SP
febab0275244b9a49a623f0bd613ca2f,109,106,4,0.03773584905660377,pedreira,SP
ff063b022a9a0aab91bad2c9088760b7,94,94,3,0.031914893617021274,santo andre,SP
fffd5413c0700ac820c7069d66d98c89,60,57,7,0.12280701754385964,amparo,SP
